,P10,P11,P9,P12,P15,P14,P6,P8,P13,P4,P5,P1,P3,P2,P7
P10,1.0,0.5177923021060276,0.592255125284738,0.39079714841218405,0.4094775212636695,0.40873256519102485,0.4138131166569936,0.3806998939554613,0.2688796680497925,0.17845230153435623,0.18102872411489646,0.21750751754092884,0.20654329147389291,0.21016393442622952,0.20214132762312634
P11,0.5177923021060276,1.0,0.66796875,0.5757575757575758,0.4774436090225564,0.45113706207744314,0.42102240091901205,0.2503549455750118,0.29974811083123426,0.24685754189944134,0.24226624956551965,0.2583732057416268,0.24670496789455898,0.24549098196392785,0.21313586606567933
P9,0.592255125284738,0.66796875,1.0,0.464572192513369,0.4726027397260274,0.4662538699690402,0.4909855769230769,0.2512990080302315,0.27748044462741867,0.19028609447771125,0.19009637753406447,0.234192037470726,0.22181818181818183,0.2261240564489662,0.21568206229860365
P12,0.39079714841218405,0.5757575757575758,0.464572192513369,1.0,0.4051222351571595,0.3922811059907834,0.36978884677855983,0.23365340649291266,0.26688102893890675,0.25458318920788653,0.25475285171102663,0.22276741903827282,0.2170945726356841,0.20926517571884984,0.2204404532820184
P15,0.4094775212636695,0.4774436090225564,0.4726027397260274,0.4051222351571595,1.0,0.8388928317955997,0.436769394261424,0.26855123674911663,0.35810534912209063,0.23049530592424733,0.23186528497409326,0.29023746701846964,0.2798824297844546,0.28706111833550063,0.21805756885483538
P14,0.40873256519102485,0.45113706207744314,0.4662538699690402,0.3922811059907834,0.8388928317955997,1.0,0.4656199242014077,0.2681958535509484,0.3353389490573606,0.2095389507154213,0.21049284578696342,0.2532010243277849,0.2450793650793651,0.2530044275774826,0.21943638624119355
P6,0.4138131166569936,0.42102240091901205,0.4909855769230769,0.36978884677855983,0.436769394261424,0.4656199242014077,1.0,0.2752880921895006,0.27151828592537863,0.18949286365016701,0.18895966029723993,0.20743405275779375,0.20160810005955926,0.20419621749408984,0.23390248919975315
P8,0.3806998939554613,0.2503549455750118,0.2512990080302315,0.23365340649291266,0.26855123674911663,0.2681958535509484,0.2752880921895006,1.0,0.24654696132596685,0.1864652918966018,0.18492753623188407,0.20609370508766886,0.19846022241231823,0.2019830028328612,0.2514714836614573
P13,0.2688796680497925,0.29974811083123426,0.27748044462741867,0.26688102893890675,0.35810534912209063,0.3353389490573606,0.27151828592537863,0.24654696132596685,1.0,0.299456054967077,0.2962328767123288,0.37492607924305144,0.36930314613349013,0.38025271818983253,0.2797216315484245
P4,0.17845230153435623,0.24685754189944134,0.19028609447771125,0.25458318920788653,0.23049530592424733,0.2095389507154213,0.18949286365016701,0.1864652918966018,0.299456054967077,1.0,0.8664434523809523,0.46764032073310424,0.4679633867276888,0.4483338000560067,0.29140880961048415
P5,0.18102872411489646,0.24226624956551965,0.19009637753406447,0.25475285171102663,0.23186528497409326,0.21049284578696342,0.18895966029723993,0.18492753623188407,0.2962328767123288,0.8664434523809523,1.0,0.4643061107938321,0.4667237932019423,0.44311210262130507,0.28960755813953487
P1,0.21750751754092884,0.2583732057416268,0.234192037470726,0.22276741903827282,0.29023746701846964,0.2532010243277849,0.20743405275779375,0.20609370508766886,0.37492607924305144,0.46764032073310424,0.4643061107938321,1.0,0.7511690046760187,0.7775908479138627,0.30166184971098264
P3,0.20654329147389291,0.24670496789455898,0.22181818181818183,0.2170945726356841,0.2798824297844546,0.2450793650793651,0.20160810005955926,0.19846022241231823,0.36930314613349013,0.4679633867276888,0.4667237932019423,0.7511690046760187,1.0,0.7214448421737716,0.30883687171112323
P2,0.21016393442622952,0.24549098196392785,0.2261240564489662,0.20926517571884984,0.28706111833550063,0.2530044275774826,0.20419621749408984,0.2019830028328612,0.38025271818983253,0.4483338000560067,0.44311210262130507,0.7775908479138627,0.7214448421737716,1.0,0.313473379210431
P7,0.20214132762312634,0.21313586606567933,0.21568206229860365,0.2204404532820184,0.21805756885483538,0.21943638624119355,0.23390248919975315,0.2514714836614573,0.2797216315484245,0.29140880961048415,0.28960755813953487,0.30166184971098264,0.30883687171112323,0.313473379210431,1.0
