modelo,C,n_features,train_acc,accuracy,f1_macro,f1_negativo,f1_neutral,f1_positivo,recall_negativo,recall_neutral,recall_positivo,separa_pos_neg,acc[neutral],acc[una polaridad],"acc[mixta, cierre decisivo]","acc[mixta, sin cierre decisivo]",acc[sin opinión detectada]
P10 actual + decisiva,10.0,75083,1.0,0.893125,0.8974991206796434,0.8526551982049364,0.9873636835727887,0.8524784802612051,0.8459483526268923,0.9968542467668647,0.8522255192878339,0.8568036800712272,0.9968542467668647,0.876701030927835,0.9710401891252955,0.7373271889400922,0.8212765957446808
P11 actual + caracteres,10.0,82837,1.0,0.8891666666666667,0.8939871350768832,0.8454531879946244,0.991153512575889,0.8453547046601365,0.8403086969427129,0.9986018874519399,0.8451038575667655,0.8474551120344265,0.9986018874519399,0.88,0.9663120567375887,0.7155425219941349,0.8595744680851064
P9 actual (sin 1ª + última + contraste),10.0,61764,0.9999479166666667,0.8884375,0.892651720417664,0.8499252615844544,0.9811776895182179,0.84685221015032,0.8438705847432473,0.9930094372596994,0.844213649851632,0.8527971509125983,0.9930094372596994,0.8655670103092783,0.9745862884160756,0.7302052785923754,0.8382978723404255
P12 caracteres en última + contraste + texto,10.0,39763,0.9878125000000001,0.8833333333333333,0.8882185941686558,0.8393658390667066,0.986819285466528,0.8384706579727327,0.8328880973582665,0.9944075498077595,0.8394658753709199,0.8422614631250928,0.9944075498077595,0.8602061855670103,0.9657210401891253,0.7205697528278173,0.8297872340425532
P15 posiciones desde el final + texto,10.0,109194,1.0,0.8652083333333334,0.8709778374850602,0.8152979543433145,0.9861062869051754,0.8115292712066906,0.8162659542891065,0.9923103809856694,0.8062314540059348,0.8177771182668052,0.9923103809856694,0.8449484536082474,0.8953900709219859,0.7159614578969418,0.825531914893617
P14 oraciones por posición desde el final,10.0,61713,1.0,0.8648958333333333,0.870630296682882,0.8162418494368702,0.9834753870238302,0.8121736535879457,0.8174532502226179,0.988116043341489,0.8077151335311573,0.8185190681109957,0.988116043341489,0.8379381443298969,0.9072104018912529,0.7214076246334311,0.7957446808510639
P6 solo última oración,1.0,16050,0.9147395833333333,0.853125,0.8552969940581642,0.8275758486031841,0.9233082706766917,0.8150068628946164,0.8177500742059959,0.9657462425725271,0.7928783382789317,0.8375129841222734,0.9657462425725271,0.8206185567010309,0.9231678486997635,0.7084206116464181,0.7829787234042553
P8 solo oración decisiva,1.0,13319,0.8930468749999999,0.835625,0.8374398412010694,0.8011406273450398,0.9233284289684486,0.7878504672897196,0.7922232116355001,0.9870674589304439,0.7504451038575668,0.806351090666271,0.9870674589304439,0.7501030927835052,0.9202127659574468,0.7310431503979891,0.3276595744680851
P13 oraciones por posición desde el inicio,10.0,61716,1.0,0.7883333333333333,0.7968479486456448,0.7088042831647828,0.9761740331491713,0.7055655296229802,0.707331552389433,0.988116043341489,0.6997032640949555,0.7139041400801306,0.988116043341489,0.7154639175257732,0.74822695035461,0.6631755341432761,0.6680851063829787
"P4 caracteres(2,5) texto",10.0,21073,0.910546875,0.7388541666666667,0.7503055208417017,0.6326164874551972,0.9863298148468593,0.6319702602230484,0.628673196794301,0.9961551904928346,0.6305637982195845,0.6373349161596676,0.9961551904928346,0.7344329896907217,0.5809692671394799,0.5429409300377043,0.7787234042553192
"P5 caracteres(3,6) texto",10.0,31270,0.9271874999999999,0.7385416666666667,0.7500620547307925,0.6321599045346062,0.9878892733564014,0.6301369863013698,0.6289700207776788,0.9979028311779098,0.627893175074184,0.6348122866894198,0.9979028311779098,0.7356701030927835,0.5715130023640662,0.5454545454545454,0.774468085106383
"P1 palabras(1,2) texto",10.0,47481,0.9999739583333334,0.7272916666666667,0.7389012598103153,0.6171326057706683,0.9829045069936108,0.6166666666666667,0.6126447016918967,0.9947570779447745,0.6148367952522256,0.6233862590888856,0.9947570779447745,0.7179381443298969,0.5667848699763594,0.5232509426057813,0.7957446808510639
"P3 palabras(1,2) sin stemming",10.0,56402,1.0,0.7265625,0.7381095366436004,0.6140192539109507,0.981874676333506,0.6184346796863441,0.605817750074206,0.9940580216707445,0.6201780415430267,0.6238314289953999,0.9940580216707445,0.7068041237113402,0.5803782505910166,0.5278592375366569,0.7446808510638298
"P2 palabras(1,3) texto",10.0,147167,1.0,0.7223958333333333,0.7332155242143629,0.6097450595866647,0.9756348661633494,0.6142666468930743,0.5998812704066488,0.9937084935337295,0.614540059347181,0.6210120195874759,0.9937084935337295,0.6865979381443299,0.5768321513002365,0.5333054042731462,0.7574468085106383
P7 solo después del contraste,10.0,5123,0.54796875,0.5220833333333333,0.5070956334820709,0.5045696068012753,0.5601043548063416,0.4566129388385957,0.3523300682695162,0.9755330304089479,0.3068249258160237,0.6603353613295742,0.9755330304089479,0.18309278350515465,0.9728132387706856,0.04356933389191454,0.1148936170212766
